blur_sigma_output_px,visibility_m,peak_electrons,jpeg_quality,calibration_score,luminance_mean_score,contrast_score,saturation_score,gradient_ratio_score,blockiness_score
0.0,,,95.0,11.318515465609597,0.04910584468690661,4.860750465874365,0.6941445854562112,5.233841203005599,0.4806733665865152
0.0,,8000.0,95.0,11.337642276872147,0.048851941875496616,4.885019637326028,0.6999697895477507,5.084241208265587,0.6195596998572849
0.0,15000.0,8000.0,95.0,11.370117050768416,0.07284375088345135,4.92783114958458,0.7357617604736518,5.080479578111396,0.5532008117153371
0.0,15000.0,,95.0,11.400189287225267,0.07242826316017165,4.9665475703916355,0.7137589926557406,5.21117755739249,0.4362769036252315
0.0,8000.0,8000.0,95.0,11.479120216312346,0.09330062205008402,5.007685379952646,0.8285775447760273,5.042243961865588,0.5073127076680013
0.0,8000.0,,95.0,11.487279288728804,0.09303842696879883,5.04212803723962,0.8159211168558976,5.175454352783893,0.3607373548805949
0.0,,8000.0,,12.466565279516871,0.049259745969706004,4.848025868275345,0.23158061553254305,5.141229416271076,2.196469633468201
0.35,,8000.0,95.0,13.065260158228142,0.048051619793111115,5.216402699837601,0.7031957520534267,6.737967582719362,0.35964250382464197
0.0,15000.0,8000.0,,13.075454261076239,0.07310430816766156,4.942746942408417,0.7251233106918978,5.114701602934838,2.2197780968734238
0.35,,,95.0,13.106983313963903,0.04830691325654199,5.237864378876932,0.6950868062564162,6.911982640268958,0.21374257530505616
0.0,,,,13.155909204843814,0.04920268866079606,4.855187636566037,0.6885514146532203,5.3407098144186484,2.222257650545112
0.35,15000.0,8000.0,95.0,13.157190135387342,0.07211332658659304,5.327270375842053,0.7370244272608711,6.729421544301195,0.291360461396631
0.35,15000.0,,95.0,13.198079250968714,0.07165934694331882,5.368927982390016,0.715848251447049,6.880363317691321,0.16128035249700906
0.0,8000.0,8000.0,,13.24256637949108,0.0937778960368911,5.01502351673063,0.8271432656047578,5.094395489473394,2.2122262116454086
0.35,8000.0,8000.0,95.0,13.285946646204668,0.09250767743200028,5.399906013871018,0.8304150192155826,6.699870468318894,0.26324746736717297
0.35,8000.0,,95.0,13.325519375333315,0.09227896128371657,5.432679690755377,0.8174313642212826,6.868564120324344,0.11456523874859342
0.0,15000.0,,,13.334887870097315,0.07308784535607213,4.9777823071740475,0.7471243853232252,5.312996093229946,2.2238972390140255
0.0,8000.0,,,13.51415848596747,0.09378428860970858,5.052594980180015,0.8388099133655644,5.307790719226572,2.22117858458561
0.0,,8000.0,85.0,14.078686798213093,0.048962976401970525,4.858727628529223,0.6981715753508065,5.353213702408759,3.1196109155223355
0.0,,,85.0,14.370853500964783,0.0491066266981226,4.859044342903689,0.6915428416241647,5.422416760653561,3.3487429290852457
0.35,,8000.0,,14.457067980588546,0.0484782917522723,5.230442617687449,0.2325537891180316,6.750252697292289,2.1953405847385046
0.0,15000.0,8000.0,85.0,14.466329254707595,0.0728236251608361,4.968851369646785,0.7401978926416279,5.367624193013258,3.3168321742450866
0.0,8000.0,8000.0,85.0,14.696988070593008,0.09319823022303964,5.042704280017528,0.8214807408783952,5.336135183321771,3.4034696361522734
0.0,15000.0,,85.0,14.768348941484694,0.07251859283308262,4.996198042059219,0.7145040197750848,5.414880718942929,3.570247567874379
0.35,15000.0,8000.0,,15.04909900704876,0.07234055248708782,5.341363935379635,0.726584046946142,6.701716619978383,2.207093852257512
0.0,8000.0,,85.0,15.069050206296446,0.09295943276978752,5.072255296581374,0.8187177356206755,5.426707479124982,3.658410262199628
0.35,8000.0,8000.0,,15.22921828130669,0.09301467522247923,5.408097170275576,0.8284827179865126,6.6899138445802055,2.209709873241916
0.35,,,,15.244755507155768,0.04840942312301521,5.269371708137341,0.6879012727091353,7.01507327115102,2.2239998320352554
0.35,15000.0,,,15.40624210349384,0.0723172544548228,5.381051928667642,0.7486808575164305,6.979280454544332,2.224911608310613
0.35,8000.0,,,15.578382679812542,0.09301603636464292,5.444300060111914,0.8400007990506144,6.976909879888032,2.224155904397339
0.35,,8000.0,85.0,16.46901593547078,0.048091354815840495,5.245794573183015,0.6975789183423653,7.083975211880809,3.393575877248751
0.35,,,85.0,16.71389541712093,0.048275983237456785,5.266007478780732,0.6918457552062568,7.140204362094419,3.5675618378020664
0.7,,8000.0,95.0,16.756603830896026,0.04673652776160474,5.894837972002484,0.7083536321104245,9.939192147213282,0.16748355180823069
0.35,15000.0,8000.0,85.0,16.887634273530132,0.07207301981038028,5.359675595924276,0.742970022757095,7.094778712015387,3.618136923022992
0.7,15000.0,8000.0,95.0,16.974877742585704,0.07085150722480982,6.0136694933797745,0.7395512204789165,9.902037615988291,0.24876790551391323
0.35,8000.0,8000.0,85.0,17.121570011686853,0.0923700065706648,5.433470918186851,0.8219215198843495,7.069959227632283,3.703848339412704
0.35,15000.0,,85.0,17.12356746702436,0.07174288197160786,5.393593003766121,0.7168144854697901,7.141889284037214,3.799527811779625
0.7,8000.0,8000.0,95.0,17.163878241628435,0.09130533887615014,6.065307731755315,0.8333422802535743,9.881844682425978,0.29207820831741754
0.7,,,95.0,17.315147485123216,0.046958316470909096,5.911866975852525,0.7007220815218461,10.142235183390238,0.5133649278876967
0.35,8000.0,,85.0,17.392078146509586,0.09217554767786638,5.455666648549943,0.8193116103889259,7.152989381184236,3.8719349587086134
0.0,,8000.0,75.0,17.483002196291725,0.04825620425566372,4.900320052650067,0.6910695167361902,5.698581613765487,6.144774808884319
0.7,15000.0,,95.0,17.553033494269553,0.07048562926022742,6.050525768206297,0.7194132432880582,10.107926960761201,0.6046818927537667
0.7,8000.0,,95.0,17.764255535528342,0.09105722737421704,6.09415054324348,0.8205257169185538,10.106494688624245,0.6520273593678472
0.0,,,75.0,17.855537971406303,0.04862763376213319,4.915062156074667,0.6890961953513604,5.769744711669581,6.433007274548562
0.7,,8000.0,,18.051338667455003,0.04718235530682549,5.885905873676355,0.23969446573207215,9.679484223724224,2.1990717490155274
0.0,15000.0,8000.0,75.0,18.07411227586834,0.07198561899079711,5.019274278387536,0.7778022071145865,5.740608120247135,6.464442051128287
0.0,8000.0,8000.0,75.0,18.35765268196419,0.0924155993000498,5.081441960558789,0.8379427682916698,5.763315629554357,6.582536724259322
0.0,15000.0,,75.0,18.42465007782822,0.07158580469042655,5.046848532598136,0.7230637785852434,5.7803768021356685,6.802775159818745
0.7,15000.0,8000.0,,18.64714909958432,0.07109228552722693,6.014826294154456,0.7312876525494385,9.608095669738567,2.221847197614629
0.0,8000.0,,75.0,18.697022721911466,0.092302392110339,5.114333384668602,0.8261656797251666,5.801867290282699,6.862353975124661
0.7,8000.0,8000.0,,18.80034027907704,0.0917943098326077,6.060417018842893,0.8317299329031027,9.58820125932007,2.2281977581783696
0.7,,,,19.089600389308696,0.047123615936054734,5.9309488249635915,0.6869064630349844,10.202826008709263,2.2217954766648007
0.7,15000.0,,,19.260238454034365,0.07108063651109445,6.057822750284207,0.7531524214903579,10.156251671917959,2.2219309738307436
0.7,8000.0,,,19.424998452566474,0.09177499563106564,6.101365420108754,0.8435101576181553,10.170526689644277,2.2178211895642215
0.35,,8000.0,75.0,19.754619266711785,0.04754169683803651,5.281650254729941,0.6928990924186278,7.359297107505245,6.373231115219934
0.35,,,75.0,20.092153052232923,0.04781171940894589,5.29154082620755,0.6924594644459175,7.437562387236325,6.622778654934185
0.35,15000.0,8000.0,75.0,20.363103995733887,0.07121318741220448,5.383167242421745,0.7764986202614547,7.385827035929656,6.746397909708827
0.35,8000.0,8000.0,75.0,20.496565583349003,0.09168065630630665,5.445271499218489,0.8390395862018806,7.40099733720603,6.719576504416301
0.7,,8000.0,85.0,20.564711524993992,0.04680787890759938,5.898678107431561,0.7026024110976954,10.115195323745652,3.801427803811486
0.35,15000.0,,75.0,20.589438336245937,0.07080606204471085,5.416830545289603,0.7250518465409115,7.412087704939664,6.964662177431048
0.35,8000.0,,75.0,20.8431365943519,0.09152577013202298,5.46669767359152,0.8274037911365102,7.42660184151406,7.030907517977789
0.7,15000.0,8000.0,85.0,20.945056217205003,0.07084599257024424,6.014500493511422,0.7467601250055467,10.08846735404753,4.024482252070261
0.7,,,85.0,20.99706276789422,0.046959791963769454,5.908870295067154,0.6927496165724766,10.219982807072574,4.128500257218247
0.7,8000.0,8000.0,85.0,21.214696190393624,0.09118126468152282,6.069905329771932,0.8264944581919703,10.093516031628502,4.133599106119698
0.7,15000.0,,85.0,21.42746820019547,0.07060912801263919,6.048518729212032,0.721851690534203,10.18277255049668,4.403716101939918
0.7,8000.0,,85.0,21.615546252163952,0.09099788305137353,6.091187359442303,0.8232105770279788,10.199489049955487,4.410661382686812
0.7,,8000.0,75.0,23.991266581913013,0.046213745886252135,5.8849382439871,0.7046761726443104,10.177194953560234,7.178243465835117
0.7,,,75.0,24.43130777005593,0.0465112753328107,5.894574690743807,0.7027738983694363,10.249445316223465,7.538002589386413
0.7,15000.0,8000.0,75.0,24.55591222057984,0.07001612743206226,6.000566723204918,0.7816952934751095,10.143911194366073,7.559722882101683
0.7,8000.0,8000.0,75.0,24.68760738683487,0.0904760049153979,6.048643776676193,0.8420266175603633,10.13754159924792,7.5689193884349955
0.7,15000.0,,75.0,24.95955686984515,0.0697300072340464,6.031849207470096,0.7298333053637815,10.21020277550842,7.91794157426881
0.7,8000.0,,75.0,25.196930794868095,0.09038265417085534,6.070334620569038,0.8300035248307898,10.221721203144376,7.984488792153038
